{
  "lang":"en",
  "name":"pipeline",
  "version":"0.0.0",
  "spacy_version":">=3.5.1,<3.6.0",
  "description":"",
  "author":"",
  "email":"",
  "url":"",
  "license":"",
  "spacy_git_version":"Unknown",
  "vectors":{
    "width":0,
    "vectors":0,
    "keys":0,
    "name":null,
    "mode":"default"
  },
  "labels":{
    "tok2vec":[

    ],
    "ner":[
      "ENT"
    ]
  },
  "pipeline":[
    "tok2vec",
    "ner"
  ],
  "components":[
    "tok2vec",
    "ner"
  ],
  "disabled":[

  ],
  "performance":{
    "ents_f":0.9657125518,
    "ents_p":0.9711147274,
    "ents_r":0.9603701469,
    "ents_per_type":{
      "ENT":{
        "p":0.9711147274,
        "r":0.9603701469,
        "f":0.9657125518
      }
    },
    "tok2vec_loss":861.236976671,
    "ner_loss":246.0399800846
  }
}